{"cameraMode":{"drawMode":0,"name":"Shaded","section":"Shading Mode"},"sceneLighting":true,"audioPlay":false,"sceneViewState":{"m_AlwaysRefresh":false,"showFog":true,"showSkybox":true,"showFlares":true,"showImageEffects":true,"showParticleSystems":true,"showVisualEffectGraphs":true,"m_FxEnabled":true},"in2DMode":false,"pivot":{"x":28.74493980407715,"y":4.961067199707031,"z":-10.324451446533204},"rotation":{"x":-0.15715375542640687,"y":0.0050347717478871349,"z":-0.0008007693686522543,"w":-0.9875655174255371},"size":19.071014404296876,"orthographic":false}